정육점|주소
브라보블랙앵거스|서울 강서구 화곡로20길 32 1층
임박사정육고기시장 화곡점|서울 강서구 등촌로 55
축산이야기|서울 강서구 양천로 611
한우직접잡아싸게파는집|서울 강서구 강서로5나길 88
신동진축산|서울 강서구 수명로1길 15
진향정육마트|서울 강서구 양천로 709
강서푸줏간 3호점|서울 강서구 곰달래로 172
우촌 화곡동2호점|서울 강서구 화곡로13길 32
(주) 홍천 방화지점|서울 강서구 양천로18길 15
청춘푸줏간|서울 강서구 강서로17길 15
한냉 선미트|서울 강서구 공항대로53가길 15
OK목장|서울 강서구 강서로45나길 12
우직한돈푸줏간 염창점|서울 강서구 양천로67길 21
대신축산|서울 강서구 월정로30길 75
농협안심축산전문점|서울 강서구 곰달래로25길 65-27
내고향한우|서울 강서구 초록마을로 47
물건너온고기 마곡점|서울 강서구 공항대로 124
한아름고기스토어|서울 강서구 마곡서로 158 마곡센트럴타워2 101호
황금한우|서울 강서구 화곡로59길 18
대성정육점|서울 강서구 곰달래로51길 19
송화축산|서울 강서구 강서로45나길 16
오거리정육점|서울 강서구 우장산로6길 80
송정축산|서울 강서구 공항대로 37
고깃간 마곡점|서울 강서구 마곡중앙5로 87
황금축산|서울 강서구 강서로 279-55
한우리정육점|서울 강서구 양천로 675
한가득축산 마곡점|서울 강서구 마곡중앙1로 71
우리축산|서울 강서구 화곡로50길 45
총각네정육점|서울 강서구 방화동로16길 6
안심한우판매점|서울 강서구 공항대로41길 66
브라보앵거스|서울 강서구 양천로 605
우리한우정육점|서울 강서구 강서로56나길 110
광명정육점|서울 강서구 가양동 14-83
대박축산|서울 강서구 강서로12길 5-14
종원이네대박축산|서울 강서구 까치산로4길 10
강서축산물유통|서울 강서구 공항대로 300
황금한우|서울 강서구 공항대로61길 42
황금한우|서울 강서구 양천로 691-8
SY미트축산|서울 강서구 송정로6길 11
삼촌네푸줏간|서울 강서구 까치산로4길 31 1층
앵거스박쇠고기상점 염창점|서울 강서구 양천로 658 1층
화남정육점|서울 강서구 초록마을로 162
금성|서울 강서구 가로공원로76가길 83-9
미주정육점|서울 강서구 허준로 23
가양1등축산|서울 강서구 허준로 198
별난한우맛난한돈 강서점|서울 강서구 화곡로 282
착한축산|서울 강서구 강서로45길 49-4 태승훼미리5차아파트 상가동 1층4호
그린축산|서울 강서구 강서로18다길 17
금호축산|서울 강서구 화곡로32길 14
올바른고기|서울 강서구 강서로 348
임자축산물센터|서울 강서구 개화동로27길 55 1층
황금한우|서울 강서구 공항대로42길 55
축산사랑|서울 강서구 공항대로41길 76
일호축산물백화점 양화본점|서울 강서구 방화동로16길 66
맑은농장|서울 강서구 화곡로63길 93
유성축산|서울 강서구 발산로 24 1층 축산-4호
정다운축산|서울 강서구 방화대로6가길 9
까치정육점|서울 강서구 강서로18길 42
한성정육도매점|서울 강서구 곰달래로55길 20
강서한우정육점|서울 강서구 방화대로21길 95
마블링|서울 강서구 우장산로 24
황금한우직판장|서울 강서구 우장산로2길 45
토종한우백화점|서울 강서구 강서로45나길 27
오늘도정육|서울 강서구 강서로16길 42
한우리축산|서울 강서구 강서로47길 113 성호빌딩 102호
진짜한우|서울 강서구 허준로 23
한국관정육점|서울 강서구 강서로 263-24
생생푸줏간|서울 강서구 남부순환로11가길 66
강서푸줏간|서울 강서구 화곡로55길 11
건호후레쉬포크|서울 강서구 허준로 16
마니커 강서특약점|서울 강서구 화곡로66길 142
장터한우정육점|서울 강서구 양천로57길 36
사랑축산|서울 강서구 양천로 603
소문난한우전문점|서울 강서구 방화동로16길 36
소문난푸줏간|서울 강서구 금낭화로 80
경기 축산물도소매센터|서울 강서구 방화대로6길 24-10
푸르네축산|서울 강서구 까치산로4길 11
보람투뿔한우|서울 강서구 강서로 261 1층 12호
신안육가공도매센터|서울 강서구 강서로17길 131
싱싱정육점|서울 강서구 양천로28길 29 상가동 102호
양서정육점|서울 강서구 강서로17길 60
저팔계 고기사셔 축산|서울 강서구 강서로 60
황금축산|서울 강서구 수명로 82
송화축산 2호점|서울 강서구 화곡로 205
여러분축산물센터 화곡점|서울 강서구 강서로39길 17
육남매푸줏간|서울 강서구 화곡로13나길 1
공항할인마트 정육부|서울 강서구 방화동로 45-1
낭만푸줏간 화곡점|서울 강서구 까치산로 127
88축산|서울 강서구 월정로30길 75
수라간육|서울 강서구 등촌로5길 46
토종고기백화점|서울 강서구 강서로12길 5-5
축산물직판장|서울 강서구 방화동로 39-1
우장산할인마트정육점|서울 강서구 강서로48길 47
한미유통|서울 강서구 방화대로6다길 10-15
화곡축산도소매센타|서울 강서구 까치산로 35
제일등정육점|서울 강서구 화곡로18길 38
축산마을|서울 강서구 곰달래로59길 23 풍산빌딩 1층 4호
홍가네축산|서울 강서구 방화동로16길 31
뼈고기정육점|서울 강서구 양천로 469-13
미스터홍축산|서울 강서구 방화대로34길 86
한울정육점|서울 강서구 화곡로55길 11
부길미트원|서울 강서구 발산로 24
고기품은삼촌|서울 강서구 방화대로 294 W타워 123호
대박축산|서울 강서구 화곡로13길 26
비즈축산|서울 강서구 발산로 24
국민닭오리도소매|서울 강서구 곰달래로59길 23
발해정육점|서울 강서구 공항대로39길 100
박가네정육점|서울 강서구 공항대로 6
초우축산|서울 강서구 금낭화로 287-50
대원미트|서울 강서구 양천로73길 56-5
진로마트 정육코너|서울 강서구 허준로 198
본동정육점|서울 강서구 화곡로44나길 40
고향정육점|서울 강서구 방화동로12길 32
백향돈정육마트|서울 강서구 가로공원로76가길 83
명품참누렁이축산|서울 강서구 까치산로 79
농가축산물 도소매쎈타|서울 강서구 곰달래로57길 19
11단지정육점|서울 강서구 개화동로21길 4
농협목우촌 강서지점|서울 강서구 발산로 40
명진축산|서울 강서구 강서로 275
한우리축산|서울 강서구 곰달래로49길 18
금용정육점|서울 강서구 월정로30길 72
엄마손정육|서울 강서구 방화동로16길 22
할라축산|서울 강서구 강서로 348 우장산힐스테이트상가 1층 104-9호
육곳간 4호점|서울 강서구 등촌로51길 29
나눔축산|서울 강서구 남부순환로11가길 94
삼일정육점|서울 강서구 방화동로16길 15
부흥축산|서울 강서구 방화동로16길 16
럭키중앙마트 정육부|서울 강서구 화곡로18길 24
행복한우촌|서울 강서구 월정로30길 75
사또축산|서울 강서구 공항대로41길 65
임꺽정 축산물도매센터|서울 강서구 등촌로5가길 7
한울축산 방화점|서울 강서구 금낭화로 128
1988고깃간|서울 강서구 등촌로39길 14
유진정육점|서울 강서구 강서로12길 9
해원출산정육점|서울 강서구 강서로18길 8-6
대성정육점|서울 강서구 공항대로7다길 16
프라임농축산|서울 강서구 등촌로39길 17-3 1층
고기백화점 방화본점|서울 강서구 방화동로 126
형제정육점|서울 강서구 강서로39길 30
총각네축산|서울 강서구 방화동로16길 32
제주도방목도야지|서울 강서구 강서로15길 115
명신정육점|서울 강서구 강서로12길 9
천일축산|서울 강서구 강서로18길 8-21
낭만축산|서울 강서구 까치산로 127
농협안심 축산물전문점 남부시장점|서울 강서구 곰달래로49길 18
가양정육점|서울 강서구 허준로 209
농민축산물센타|서울 강서구 방화동로16길 24
참바른정육점|서울 강서구 강서로16길 14
좋은축산마을|서울 강서구 양천로 611
대박축산|서울 강서구 공항대로41길 75
우림명품한우|서울 강서구 등촌로5길 61
한우리축산|서울 강서구 등촌로5길 60
복돼지축산|서울 강서구 월정로30길 94
토종축산|서울 강서구 강서로45길 174
드림축산|서울 강서구 강서로45길 18
구천유통|서울 강서구 방화동로 56
착한축산물도매센터|서울 강서구 곰달래로51길 28
방신|서울 강서구 방화동로16길 46
대연마니커총판|서울 강서구 강서로45나길 27
도원정육점|서울 강서구 방화대로7나길 29
굿모닝미트뱅크|서울 강서구 양천로67길 15
중앙정육점|서울 강서구 월정로30길 50
우리축산|서울 강서구 방화대로6길 24-10
SY미트 축산물도매센타|서울 강서구 방화대로21길 67
농심축산|서울 강서구 방화3동 2
SY미트축산|서울 강서구 남부순환로7길 44
조은축산|서울 강서구 등촌로5길 46
소문난푸줏간 마곡점|서울 강서구 방화대로34길 102
염창축산|서울 강서구 양천로 601
동아정육점|서울 강서구 염창동 258-4
황금한우|서울 강서구 우현로 10
동진한우|서울 강서구 등촌로5길 41
우장산정육점|서울 강서구 강서로45길 28
제주촌생고기|서울 강서구 강서로 239
우성정육점|서울 강서구 양천로67길 77
강서 신축산물도매센타|서울 강서구 발산로 24
신정축산|서울 강서구 강서로18길 8-6
형제식육점|서울 강서구 화곡로21길 87
여물소축산|서울 강서구 월정로30길 44
현대명품한우|서울 양천구 목동중앙북로 8
신씨네|서울 양천구 목동중앙북로 4
정직한정육점|서울 양천구 목동중앙북로 19
물건너온고기 목동점|서울 양천구 등촌로 142
우리동네정육점 목동2호점|서울 양천구 등촌로 178
농가축산 등촌시장점|서울 양천구 목동중앙북로 26-1
도깨비정육점|서울 양천구 목동중앙북로 16
농가소돼지도매센타 등촌시장점|서울 양천구 목동중앙북로 26
체리부로 서부총판점|서울 양천구 목동중앙북로 7-40
대성축산|서울 양천구 목동중앙북로8라길 7
미스터고기박사|서울 양천구 목동중앙북로8라길 7
동광축산|서울 양천구 목동중앙북로8길 80-1
또와미트샵|서울 양천구 목동중앙북로 27
브라보블랙앵거스 고기공장|서울 양천구 목동중앙본로 56
고양산정육점|서울 양천구 목동중앙북로8길 80-1
또와미트샵|서울 양천구 목동중앙북로 29
대우정육점|서울 양천구 목동중앙북로 12
안심축산물전문점|서울 양천구 목동중앙북로 29
백두정육점|서울 양천구 목동중앙본로 121
농심원정육점|서울 양천구 화곡로14길 6
본토박이한우마을|서울 양천구 화곡로13길 13
신선한정육점|서울 양천구 목동중앙본로 90
시장한우축산|서울 양천구 목동중앙북로 92
착한정육점|서울 양천구 목동중앙북로 89
친절한아저씨네|서울 양천구 목동중앙남로 46-1
농협안심축산물 신영시장점|서울 양천구 곰달래로13길 27
안심축산물전문점 목동시장점|서울 양천구 목동중앙남로 48
한우사랑|서울 양천구 목동중앙남로 42
21세기 일품정육마트|서울 양천구 목동중앙북로 87
우다발축산|서울 양천구 목동중앙본로 110-1
영광한우마을|서울 양천구 목동중앙북로 82
브라보블랙앵거스정육점|서울 양천구 남부순환로 355 1층
토종한우명문가|서울 양천구 곰달래로13길 41
진짜한우|서울 양천구 목동중앙북로 93
동인축산물도매센타|서울 양천구 월정로25길 6
시골생고기도매센터|서울 양천구 곰달래로13길 36
대창한우축산물도매센터|서울 양천구 곰달래로13길 16-1
성원축산|서울 양천구 곰달래로13길 36
명품한우소|서울 양천구 남부순환로 356
도깨비정육점|서울 양천구 목동중앙북로18길 16
토우축산 목동점|서울 양천구 목동중앙남로 22
한우장터|서울 양천구 곰달래로13길 40
황우축산|서울 양천구 월정로29길 3
홍성농장직영|서울 양천구 월정로31길 3
광명정육점|서울 양천구 목동중앙서로7가길 32
로데오축산|서울 양천구 오목로 203-2 1층
정강축산|서울 양천구 곰달래로13길 46-1
신가네고깃간 5호점|서울 양천구 곰달래로13길 31-1
목동맘한우한돈|서울 양천구 목동중앙로 43 1층 103호
월드한우마을|서울 양천구 목동중앙본로1길 5
최고다푸줏간|서울 양천구 신월로 292
새시대정육점|서울 양천구 월정로29길 11
서울정육백화점|서울 양천구 곰달래로1길 24
흥성농장|서울 양천구 월정로31길 3
대창정육점|서울 양천구 남부순환로36길 7-1
일신축산물백화점 신월3호점|서울 양천구 남부순환로40길 34
생생매장 목동3단지점|서울 양천구 목동서로 100 목동신시가지아파트3단지 상가 103호
동명미트|서울 양천구 국회대로 224
삼동축산|서울 양천구 남부순환로40길 12
우리정육점|서울 양천구 오목로7길 28
한우면우촌리 목동점|서울 양천구 오목로 286
네거리샵|서울 양천구 목동중앙서로 6
고기곡간|서울 양천구 목동로 218
조은축산종합몰|서울 양천구 남부순환로40가길 2
축협생고기도매센터|서울 양천구 은행정로15길 11
토종한우직매장|서울 양천구 오목로38길 30
바른고기|서울 양천구 목동서로2길 22 한신청구아파트상가
외양간명품한우암소|서울 양천구 목동서로 37
토종한우|서울 양천구 목동서로 63
풍성한우축산|서울 양천구 신월로36길 7
맛있는한우|서울 양천구 목동서로 38
우리돼지고깃간|서울 양천구 월정로 42
형제축산|서울 양천구 월정로29길 22
성공미트|서울 양천구 국회대로 224
파주축산|서울 양천구 월정로8길 8
영진축산|서울 양천구 목동중앙서로8길 23
중문정육점|서울 양천구 오목로 42
월성정육점|서울 양천구 중앙로46길 22
한우정육백화점|서울 양천구 중앙로53길 65
1호미트|서울 양천구 국회대로 224
충남한우전문점|서울 양천구 오목로13길 27
외양간한우암소전문판매|서울 양천구 목동서로 37
황금축산|서울 양천구 곰달래로10길 23
한우리축산물센타|서울 양천구 중앙로53길 70
성림푸드|서울 양천구 남부순환로40길 42-1
미래축산유통도매센타 직영2호점|서울 양천구 은행정로 6
고흥정육점|서울 양천구 남부순환로60길 13
들풀한우|서울 양천구 목동동로 350
대명축산식품|서울 영등포구 양평로30나길 8
신정식육센타|서울 양천구 오목로17길 25
정윤푸드|서울 양천구 지양로10길 12
토우축산|서울 양천구 목동서로 77
태경유통 3호점|서울 양천구 월정로 42
조흥축산물도매센터|서울 양천구 신월로 301
참조은고기세상|서울 양천구 중앙로51길 32
착한정육점 신정점|서울 양천구 중앙로 253
강서목우촌|서울 양천구 남부순환로60길 13
우림축산|서울 양천구 월정로 60
광영상회|서울 양천구 남부순환로40가길 14
청정축산물장터|서울 양천구 목동서로2길 22
꼬꼬하림닭판매점|서울 양천구 오목로30길 27
농심원 신월점|서울 양천구 지양로7길 6
선우축산물센타|서울 양천구 지양로 85
신월닭집|서울 양천구 남부순환로40가길 3
황토축산|서울 양천구 신월로 187
바우 소돼지생고기도매센터|서울 양천구 은행정로 11
한우이야기|서울 양천구 오목로13길 5-1
황금축산|서울 양천구 중앙로53길 65
내고향한우|서울 양천구 중앙로43길 23
신일정육점|서울 양천구 은행정로5길 48-2
신월닭마을|서울 양천구 남부순환로40가길 14
토종한우측협암돼지|서울 양천구 남부순환로79길 33-1
횡성한우전문점|경기 부천시 고리울로 53
양천축산물도매센터|서울 양천구 중앙로43길 27
미루축산|서울 양천구 중앙로46길 57
우림명품한우|서울 양천구 지양로10길 3
고리울축산|경기 부천시 고리울로 51
일월정육불고기|서울 양천구 은행정로 14
보담축산|서울 양천구 지양로 52
다온축산|경기 부천시 고리울로52번길 19-16
SM유통|경기 부천시 고리울로51번길 51
시민정육점|서울 양천구 신월로15길 16
성신정육점|서울 양천구 중앙로34길 26-9
화남정육점|경기 부천시 고리울로64번길 36
153정육점|서울 양천구 오목로54길 14
벧엘감사축산|경기 부천시 고리울로52번길 19-8
참우리축산물센타|서울 양천구 신월로16길 1
참조은정육점|서울 양천구 목동서로 295
한우사랑미트|서울 양천구 신월로 187
꿀꿀이축산|경기 부천시 역곡로504번길 104
동신축산물|경기 부천시 역곡로490번길 96
바른정육점|서울 양천구 목동동로12길 20
한우마을|서울 양천구 지양로 26
목동진짜한우|서울 양천구 중앙로 234
정직한정육점|서울 양천구 목동동로12길 20
저팔계푸주간|경기 부천시 지양로152번길 13
한우1근9900원|서울 양천구 중앙로 234
고기파는총각네|경기 부천시 고리울로27번길 21
경성수입정육점|경기 부천시 지양로158번길 6
미트샵|서울 양천구 목동동로12길 20
보라매닭|경기 부천시 고리울로64번길 28
삼촌네푸줏간|서울 양천구 남부순환로83길 17
중문정육점|서울 양천구 지양로3길 7
홍성토종한우|서울 양천구 목동서로 400
축산사랑|서울 양천구 중앙로43길 21
진짜정육점|경기 부천시 지양로158번길 12
한플러스축산물도매센타|경기 부천시 역곡로482번길 38
토박이한우|서울 양천구 중앙로 234
명가축산 목동점|서울 양천구 목동동로12길 50
명진유통|서울 양천구 남부순환로 589
한마음정육식당|서울 양천구 신목로 48
보원정육점|서울 영등포구 양평로24길 9
1974정육|서울 양천구 신목로2길 54
축산사랑 양천1호점|서울 양천구 신목로4길 45-1
홍성축산|경기 부천시 역곡로481번길 15
영진축산|서울 양천구 신목로2길 47-1
흥성축산|경기 부천시 역곡로481번길 15
황금한우|서울 양천구 목동동로12길 46
황금축산|경기 부천시 성지로102번길 48
미트샵|서울 영등포구 양평로22길 7-1
아이지푸드|서울 양천구 목동서로 377
한우먹으면돼지|서울 양천구 남부순환로 597
청춘축산물백화점|경기 부천시 원종로119번길 96
목동한우직판장|서울 양천구 목동동로 53
초원축산|경기 부천시 성지로102번길 38
해원정육점|서울 영등포구 양평로22나길 3
성주유통|경기 부천시 역곡로456번길 11
하이축산|서울 양천구 목동동로 53
축산물백화점|경기 부천시 성지로 101
성대축산|서울 양천구 신목로4길 34
총각네정육점|경기 부천시 원종로119번길 87
대림축산고강판매점|경기 부천시 성지로102번길 28
우리축산|서울 양천구 신목로4길 5-1
사랑축산|서울 양천구 목동동로 53
미트민|경기 부천시 원종로119번길 87
임대감축산|경기 부천시 고강로72번길 34
한마음축산유통|서울 양천구 신목로2길 21
진맛고 고강점|경기 부천시 고강로72번길 34 104호
형제정육점 목동점|서울 양천구 목동동로8길 23
천재축산유통|경기 부천시 성지로 100
어메이징피플즈|서울 마포구 동교로3길 104
태화축산|서울 양천구 신목로14길 26
에이미트수입육직판장 목동점|서울 양천구 신정로7길 60-14
조은고기장터|서울 마포구 월드컵로42길 40
신정정육|서울 양천구 신목로5길 6-4
대흥정육점|서울 양천구 신정로 293
목동횡성한우|서울 양천구 목동동로 100
하늘소|경기 부천시 고강로56번길 38
앵거스박쇠고기상점 상암점|서울 마포구 월드컵북로 502 월드컵파크프라자 1층
친절한푸줏간|서울 영등포구 선유서로 76
한우리축산 생고기도매센타|서울 양천구 신정로 300
모이소축산|경기 부천시 성지로101번길 28
성우축산|서울 영등포구 선유로43가길 24
영마루축산|서울 양천구 신목로5길 1-1
우리소한우축산|서울 영등포구 양산로 50
솔밭한우정육점|서울 영등포구 선유서로 87
토종한우백화점|서울 마포구 망원로7길 30
토종한우정육점|서울 영등포구 선유로51길 5-1
대관령 축산도소매정육|서울 영등포구 선유로40길 7
슈퍼정육백화점|서울 영등포구 선유서로26길 13-2
믿음축산|서울 양천구 목동동로 100 B상가 111호
육영한우정육점|서울 영등포구 선유서로 40
서민정육점|서울 마포구 성지1길 15
명품토종한우|서울 영등포구 당산로44길 3
착한고기정육식당|서울 양천구 신정로11길 50-6
대림정육식당|경기 부천시 고강로56번길 30
남도푸드|서울 마포구 망원로11길 24
소리샘축산|서울 양천구 신정로11길 50-17
종합축산물도매센타|경기 부천시 고강로56번길 38
해우리축산|경기 부천시 원종로85번길 81
장미축산|서울 마포구 망원로 61
이펜심축산|서울 양천구 신정이펜2로 22
마포축산|서울 마포구 망원로8길 15
행복축산|서울 양천구 신정이펜2로 20
올레축산|서울 양천구 신정동 1282-2
농협안심축산물전문점 합정동점|서울 마포구 독막로 42 남정빌딩 1층
워낭소리|서울 양천구 목동동로 130
신선축산|경기 부천시 고강로56번길 38
돈킹축산|서울 영등포구 당산로 108
뚝심축산11번가 도소매센터 당산점|서울 영등포구 양산로 150
당산축산|서울 영등포구 양평로 16
서울축산|서울 마포구 망원로8길 41 1층
바른고기정육점|경기 부천시 소사로 712
명품한우|서울 양천구 목동남로4길 10
부천축산|서울 마포구 상암산로1길 55
하나로축산|서울 마포구 망원로8길 9
정담고깃간|서울 마포구 연남로13길 1
한우직판장|서울 마포구 망원로1길 12
망원장터정육점|서울 마포구 월드컵로13길 29
금성한우정육점|서울 은평구 수색로 274
부천축산|서울 마포구 월드컵북로 501
누림축산|서울 마포구 월드컵로 190
바른축산|서울 영등포구 문래로 89
임박사정육고기시장 구로점|서울 구로구 경인로59길 7 신도림6차e편한세상 상가동 108호
쌍우한우방|경기 부천시 삼작로 488
성산푸줏간|서울 마포구 월드컵북로 230
초록한우|서울 구로구 신도림로 16
현대정육유통|서울 영등포구 문래로 149-1
싱싱정육백화점|서울 마포구 성암로3길 34
포크밸리 원종점|경기 부천시 원종로 36 1층
앵거스박쇠고기상점 가재울뉴타운점|서울 서대문구 가재울미래로 2 DMC파크뷰자이 2단지아파트 상가동 105호
홍천한우마을 당산점|서울 영등포구 당산로44길 3
망원축산|서울 마포구 망원로8길 47
웰빙축산|서울 마포구 월드컵북로44길 10
토종한우직판장|서울 영등포구 양평동1가 31-7
목동토종한우|서울 양천구 목동동로 130
바른정육점|서울 영등포구 선유서로 76
하이축산 오류점|서울 구로구 경인로 217
우리닭집|경기 고양시 덕양구 중앙로 58
임박사정육고기시장 성산점|서울 마포구 월드컵북로 118
미래로축산물백화점|서울 마포구 망원로 54
제주촌정육점|경기 부천시 삼작로 509
우리축산도매센타|서울 마포구 망원로 82
풍림정육점|서울 마포구 방울내로7길 17
썬미트|서울 마포구 월드컵북로 375 806호
윤가네축산|서울 마포구 월드컵로25길 35
부부정육점|서울 영등포구 선유로 59
안심한우축산물|서울 마포구 월드컵북로 501
횡성한우정육식당|서울 구로구 중앙로1길 25
건호축산물백화점 본점|서울 구로구 고척로 128
목화생고기축산|서울 영등포구 영등포로25길 21
대화정육점|서울 영등포구 영등포로53길 39-1
하림체리부로닭고기|서울 마포구 망원로8길 21
행복드림축산|서울 구로구 경인로33길 98-8
금릉할인마트 정육|서울 구로구 고척로25길 33-58
국제축산유통 목우촌정육판매점|경기 부천시 삼작로306번길 15
신양정육점|서울 영등포구 양산로25길 9
우성축산|서울 양천구 목동남로4길 41
장원정육점|서울 마포구 성산동 533-1
수비드랩1987|서울 영등포구 도림로 440-22
청정마을 소돼지도매센타|서울 마포구 월드컵로13길 47
토종한우마을|서울 마포구 월드컵북로30길 9
한우와한돈|서울 구로구 중앙로10길 16
장수축산|서울 구로구 고척로 136
대관령축산|서울 구로구 중앙로10길 21
늘봄축산|서울 서대문구 수색로 28-3
마블링정육점|서울 구로구 고척로 208
팜스토리 고척점|서울 구로구 중앙로 85
21세기축산물백화점 영등포점|서울 영등포구 영등포로 159
한일정육점|경기 부천시 삼작로 394
홈미트|서울 구로구 고척로19길 34
한우리축산물판매점|서울 마포구 월드컵북로 502-36
유명축산물백화점|서울 구로구 경인로19길 12
영일정육점|서울 영등포구 경인로 787
진양축산|경기 부천시 오정로266번길 23-1 진양빌딩
한우직매장|서울 구로구 경인로47길 107
축산물백화점 원종점|경기 부천시 원종로 36
남자축산|서울 마포구 월드컵북로 188
하나로축산|서울 서대문구 수색로4길 14
월드축산물판매장|서울 마포구 망원로7길 24
향기로축산|경기 고양시 덕양구 향기2로 22
봉축산|서울 마포구 포은로8길 25 망원시장
착한고깃간|경기 부천시 원종로23번길 11
율축산|경기 부천시 원종로29번길 84
영일축산|서울 영등포구 문래북로 138
예당축산|서울 마포구 월드컵북로 221
월드축산|서울 마포구 동교로27길 31
명품한우전문점|서울 구로구 중앙로10길 8
한우사랑|서울 구로구 경인로40길 41
참고기 오류점|서울 구로구 경인로22길 48-1
우리축산|서울 구로구 중앙로15길 107
삼성정육점|서울 영등포구 영등포동5가 165
개봉축산|서울 구로구 경인로 352
횡성산한우마을 신도림역점|서울 구로구 새말로 85
명품한우정육점|경기 부천시 오정로 242 1층
신흥한우점|서울 마포구 월드컵북로 190
광성정육점|서울 마포구 월드컵북로27길 23
홍성한우|서울 구로구 고척로52길 48
김포정육점|서울 구로구 신도림로11다길 5
축산일번지|서울 마포구 동교로27길 76
경인축산|서울 구로구 경인로19길 35
황토축산물도매센타|경기 부천시 원종로23번길 39
유홍축산|서울 마포구 망원로11길 27-38
농협안심축산물전문점 가재울점|서울 서대문구 수색로 100
물건너온고기 남가좌점|서울 서대문구 남가좌동 384 디엠씨파크뷰자이2단지 203동 상가 1층
유진정육점|서울 양천구 목동로3길 57
윤푸드|서울 영등포구 영등포로 163
축산명가 고척점|서울 구로구 고척로 156
하림닭집|경기 부천시 성오로124번길 47 1층 3536호
해찬정육점|서울 서대문구 남가좌동 384 파크뷰자이 221동상가
아빠정육점|경기 부천시 삼작로 270
